data,Servicos,Administrados,Livres,Comercializaveis,Nao-comercializaveis,IPCA cheio
2023-01-01,7.80,-2.79,8.93,9.06,8.86,5.77
2023-02-01,7.85,-2.10,8.39,8.45,8.37,5.60
2023-03-01,7.64,-2.40,7.24,7.02,7.43,4.65
2023-04-01,7.49,-2.10,6.48,5.79,7.02,4.18
2023-05-01,6.52,-0.90,5.68,4.78,6.38,3.94
2023-06-01,6.22,-1.31,4.78,3.49,5.77,3.16
2023-07-01,5.64,3.65,4.11,3.15,4.85,3.99
2023-08-01,5.43,7.70,3.58,2.42,4.47,4.61
2023-09-01,5.54,10.23,3.52,2.05,4.64,5.19
2023-10-01,5.45,10.00,3.12,1.48,4.37,4.82
2023-11-01,6.05,9.08,3.22,1.02,4.90,4.68
2023-12-01,6.22,9.13,3.13,0.53,5.12,4.62
2024-01-01,5.61,8.55,3.17,0.97,4.84,4.51
2024-02-01,5.25,8.60,3.14,1.00,4.75,4.50
2024-03-01,5.09,6.39,3.11,1.00,4.68,3.93
2024-04-01,4.60,6.26,2.84,0.99,4.20,3.69
2024-05-01,5.08,6.09,3.20,1.19,4.69,3.93
2024-06-01,4.47,6.38,3.49,2.05,4.54,4.23
2024-07-01,4.99,7.04,3.62,2.31,4.59,4.50
2024-08-01,5.16,5.58,3.77,2.70,4.56,4.24
2024-09-01,4.80,5.47,4.06,3.64,4.36,4.42
2024-10-01,4.55,6.25,4.23,4.17,4.25,4.76
2024-11-01,4.68,5.16,4.77,5.43,4.27,4.87
2024-12-01,4.74,4.66,4.89,6.06,4.03,4.83
2025-01-01,5.54,2.87,5.14,6.06,4.47,4.56
2025-02-01,5.29,5.20,5.01,6.18,4.16,5.06
2025-03-01,5.84,5.12,5.59,6.59,4.89,5.48
2025-04-01,5.99,4.72,5.80,6.94,5.01,5.53
2025-05-01,5.76,4.87,5.48,6.86,4.50,5.32
2025-06-01,6.14,5.16,5.43,6.67,4.56,5.35
2025-07-01,5.97,4.73,5.40,6.35,4.74,5.23
2025-08-01,6.13,4.22,5.46,5.91,5.15,5.13
2025-09-01,6.11,5.10,5.20,5.39,5.09,5.17
2025-10-01,6.17,4.19,4.86,4.56,5.09,4.68
2025-11-01,5.93,5.33,4.16,3.34,4.78,4.46
2025-12-01,6.00,5.28,3.90,2.66,4.85,4.26
2026-01-01,5.28,7.47,3.40,2.40,4.16,4.44
2026-02-01,6.00,4.35,3.61,2.02,4.80,3.81
2026-03-01,5.91,5.44,3.67,1.99,4.93,4.14
2026-04-01,5.74,6.12,3.76,2.05,5.04,4.39
2026-05-01,5.97,5.85,4.31,2.29,5.82,4.72
2026-06-01,5.90,5.52,4.31,2.15,5.92,4.64
2026-07-01,5.84,5.10,4.17,2.12,5.70,4.44
