data,selic,ipca12m,meta,r_star,taylor_selic,gap_pp
2023-01-01,13.75,5.77,3.25,4.50,11.53,2.22
2023-02-01,13.75,5.60,3.25,4.50,11.27,2.48
2023-03-01,13.75,4.65,3.25,4.50,9.85,3.90
2023-04-01,13.75,4.18,3.25,4.50,9.14,4.61
2023-05-01,13.75,3.94,3.25,4.50,8.79,4.96
2023-06-01,13.75,3.16,3.25,4.50,7.62,6.13
2023-07-01,13.75,3.99,3.25,4.50,8.86,4.89
2023-08-01,13.25,4.61,3.25,4.50,9.79,3.46
2023-09-01,12.75,5.19,3.25,4.50,10.66,2.09
2023-10-01,12.75,4.82,3.25,4.50,10.11,2.64
2023-11-01,12.25,4.68,3.25,4.50,9.89,2.36
2023-12-01,11.75,4.62,3.25,4.50,9.81,1.94
2024-01-01,11.75,4.51,3.00,4.50,9.77,1.98
2024-02-01,11.25,4.50,3.00,4.50,9.75,1.50
2024-03-01,10.75,3.93,3.00,4.50,8.89,1.86
2024-04-01,10.75,3.69,3.00,4.50,8.54,2.21
2024-05-01,10.50,3.93,3.00,4.50,8.89,1.61
2024-06-01,10.50,4.23,3.00,4.75,9.60,0.90
2024-07-01,10.50,4.50,3.00,4.75,10.00,0.50
2024-08-01,10.50,4.24,3.00,4.75,9.61,0.89
2024-09-01,10.75,4.42,3.00,4.75,9.88,0.87
2024-10-01,10.75,4.76,3.00,4.75,10.39,0.36
2024-11-01,11.25,4.87,3.00,4.75,10.56,0.69
2024-12-01,12.25,4.83,3.00,5.00,10.75,1.50
2025-01-01,13.25,4.56,3.00,5.00,10.34,2.91
2025-02-01,13.25,5.06,3.00,5.00,11.09,2.16
2025-03-01,14.25,5.48,3.00,5.00,11.72,2.53
2025-04-01,14.25,5.53,3.00,5.00,11.80,2.45
2025-05-01,14.75,5.32,3.00,5.00,11.48,3.27
2025-06-01,15.00,5.35,3.00,5.00,11.52,3.48
2025-07-01,15.00,5.23,3.00,5.00,11.35,3.65
2025-08-01,15.00,5.13,3.00,5.00,11.19,3.81
2025-09-01,15.00,5.17,3.00,5.00,11.25,3.75
2025-10-01,15.00,4.68,3.00,5.00,10.52,4.48
2025-11-01,15.00,4.46,3.00,5.00,10.19,4.81
2025-12-01,15.00,4.26,3.00,5.00,9.89,5.11
2026-01-01,15.00,4.44,3.00,5.00,10.16,4.84
2026-02-01,15.00,3.81,3.00,5.00,9.21,5.79
2026-03-01,14.75,4.14,3.00,5.00,9.71,5.04
2026-04-01,14.50,4.39,3.00,5.00,10.09,4.41
2026-05-01,14.50,4.72,3.00,5.00,10.58,3.92
2026-06-01,14.25,4.64,3.00,5.00,10.46,3.79
2026-07-01,14.25,4.44,3.00,5.00,10.16,4.09
